Student Name,Father Name,Roll No,Application ID,DOB,Gender,Category,Class,SATHII Key,Exam,Exam Date,Exam Time,Reporting Time,Shift,Centre,Centre Address,Photo
Arjun Verma,Manoj Verma,SAT260001,APP-2026-10007,01-05-2006,M,General,10th (NEET),SAT26-10N-1001,SATHII Scholarship Examination 2026,15-11-2026,10:00 AM – 12:00 PM,09:15 AM,Morning,"S-CUBUS CAREER PVT. LTD. SECTOR- 12, DWARKA, DELHI","3rd Floor, Plot No. 46, Block No. B, Sector 12, Dwarka, Delhi 110078",demo:avatar-1
Siya Rao,Rakesh Rao,SAT260002,APP-2026-10014,25-08-2005,F,General,11th (JEE),SAT26-11J-1002,SATHII Scholarship Examination 2026,15-11-2026,02:00 PM – 04:00 PM,01:15 PM,Afternoon,"S-CUBUS CAREER PVT. LTD. SECTOR- 12, DWARKA, DELHI","3rd Floor, Plot No. 46, Block No. B, Sector 12, Dwarka, Delhi 110078",demo:avatar-2
Diya Rao,Deepak Rao,SAT260003,APP-2026-10021,06-07-2006,M,OBC,11th (NEET),SAT26-11N-1003,SATHII Scholarship Examination 2026,15-11-2026,10:00 AM – 12:00 PM,09:15 AM,Morning,"S-CUBUS CAREER PVT. LTD. SECTOR- 12, DWARKA, DELHI","3rd Floor, Plot No. 46, Block No. B, Sector 12, Dwarka, Delhi 110078",demo:avatar-3
Navya Saxena,Rajesh Saxena,SAT260004,APP-2026-10028,02-06-2009,F,SC,8th (Foundation),SAT26-8F-1004,SATHII Scholarship Examination 2026,15-11-2026,02:00 PM – 04:00 PM,01:15 PM,Afternoon,"S-CUBUS CAREER PVT. LTD. SECTOR- 12, DWARKA, DELHI","3rd Floor, Plot No. 46, Block No. B, Sector 12, Dwarka, Delhi 110078",demo:avatar-4
Prisha Saxena,Amit Saxena,SAT260005,APP-2026-10035,20-08-2006,M,ST,10th (NEET),SAT26-10N-1005,SATHII Scholarship Examination 2026,15-11-2026,10:00 AM – 12:00 PM,09:15 AM,Morning,"S-CUBUS CAREER PVT. LTD. SECTOR- 12, DWARKA, DELHI","3rd Floor, Plot No. 46, Block No. B, Sector 12, Dwarka, Delhi 110078",demo:avatar-5
Shaurya Chopra,Pradeep Chopra,SAT260006,APP-2026-10042,04-06-2009,F,SC,7th (Foundation),SAT26-7F-1006,SATHII Scholarship Examination 2026,15-11-2026,02:00 PM – 04:00 PM,01:15 PM,Afternoon,"S-CUBUS CAREER PVT. LTD. SECTOR- 12, DWARKA, DELHI","3rd Floor, Plot No. 46, Block No. B, Sector 12, Dwarka, Delhi 110078",demo:avatar-6
Prisha Singh,Suresh Singh,SAT260007,APP-2026-10049,08-01-2008,M,EWS,8th (Foundation),SAT26-8F-1007,SATHII Scholarship Examination 2026,15-11-2026,10:00 AM – 12:00 PM,09:15 AM,Morning,"S-CUBUS CAREER PVT. LTD. SECTOR- 12, DWARKA, DELHI","3rd Floor, Plot No. 46, Block No. B, Sector 12, Dwarka, Delhi 110078",demo:avatar-7
Navya Iyer,Sanjay Iyer,SAT260008,APP-2026-10056,09-05-2006,F,EWS,11th (NEET),SAT26-11N-1008,SATHII Scholarship Examination 2026,15-11-2026,02:00 PM – 04:00 PM,01:15 PM,Afternoon,"S-CUBUS CAREER PVT. LTD. SECTOR- 12, DWARKA, DELHI","3rd Floor, Plot No. 46, Block No. B, Sector 12, Dwarka, Delhi 110078",demo:avatar-8
Ananya Menon,Sanjay Menon,SAT260009,APP-2026-10063,09-09-2005,M,SC,11th (JEE),SAT26-11J-1009,SATHII Scholarship Examination 2026,15-11-2026,10:00 AM – 12:00 PM,09:15 AM,Morning,"S-CUBUS CAREER PVT. LTD. SECTOR- 12, DWARKA, DELHI","3rd Floor, Plot No. 46, Block No. B, Sector 12, Dwarka, Delhi 110078",demo:avatar-9
Ananya Nair,Anil Nair,SAT260010,APP-2026-10070,06-06-2007,F,ST,10th (NEET),SAT26-10N-1010,SATHII Scholarship Examination 2026,15-11-2026,02:00 PM – 04:00 PM,01:15 PM,Afternoon,"S-CUBUS CAREER PVT. LTD. SECTOR- 12, DWARKA, DELHI","3rd Floor, Plot No. 46, Block No. B, Sector 12, Dwarka, Delhi 110078",demo:avatar-10